0,mother front
1,week
2,hilarious scale
3,silent
4,kiss
5,rub
6,meddle wail
7,spicy brown
8,jobless vessel
9,flashy thread
10,cause supply
11,push
12,stop vagabond
13,wink
14,fang pear
15,push
16,gold
17,inquisitive playground
18,multiply
19,curvy point
20,envious measure
21,cars
22,wren direful
23,far-flung
24,knowledge tiresome
25,bright foamy
26,drown
27,amused
28,twig jar
29,writer
30,abject observation
31,pull imported
32,gifted
33,sand enthusiastic
34,offend
35,exist punch
36,puzzled well-off
37,graceful
38,chalk summer
39,bawdy devilish
40,wholesale used
41,damp alive
42,hospitable momentous
43,pencil adjustment
44,sore shade
45,acceptable
46,twist
47,warm knock
48,interest
49,complete living
50,pause dream
51,idiotic
52,dislike allow
53,geese possible
54,flavor false
55,callous permit
56,laugh infamous
57,ghost
58,ahead violent
59,old-fashioned supreme
60,thing rightful
61,fabulous
62,choke third
63,plastic immense
64,shoe childlike
65,cure acrid
66,soup bounce
67,live
68,cough
69,cultured
70,coach sleet
71,loss superb
72,dusty kaput
73,phone
74,collar calm
75,bottle
76,question
77,complete
78,kind
79,bikes juvenile
80,coach label
81,crime
82,fowl
83,unwritten bored
84,nifty dear
85,extend gate
86,building
87,excuse bells
88,gabby nose
89,promise abandoned
90,late
91,insurance
92,listen
93,last decision
94,wind
95,choke
96,smoke useful
97,plants talk
98,filthy wriggle
99,two unknown
100,volcano
101,bird
102,house
103,flock
104,steer
105,ubiquitous cactus
106,holistic
107,wander underwear
108,furniture
109,activity
110,expert acoustics
111,godly
112,obnoxious sigh
113,abundant
114,lunchroom explode
115,trousers
116,bedroom bored
117,mourn consider
118,suffer
119,succinct
120,belong nimble
121,reaction outrageous
122,beginner robin
123,swing harbor
124,ball
125,stupid pretty
126,annoy
127,frequent
128,tested jittery
129,common even
130,weary
131,creature
132,manage
133,gigantic
134,drunk head
135,shake return
136,ubiquitous boil
137,sugar
138,parched
139,park
140,man comfortable
141,temporary
142,disastrous
143,man blind
144,question
145,jobless snails
146,prickly
147,contain hair
148,snow expert
149,wrist chickens
150,cheat
151,share irritating
152,example ad hoc
153,ring lethal
154,kiss
155,blot historical
156,effect yawn
157,helpful
158,error bulb
159,love
160,analyse
161,mountain
162,cumbersome plan
163,destruction sound
164,thought
165,wide-eyed
166,leg
167,drown wrist
168,rule
169,harass plucky
170,quiet
171,illustrious
172,system
173,general barbarous
174,pump
175,dad coal
176,want mend
177,appreciate quick
178,eggnog
179,sleep
180,hammer development
181,tease
182,sea
183,likeable
184,boy glistening
185,depend
186,loose
187,close
188,note
189,disturbed
190,animal knotty
191,nail sound
192,overwrought slip
193,wary disarm
194,crayon
195,squeamish grape
196,mind
197,sigh
198,beginner
199,pail
200,unable mountainous
201,talk club
202,miniature
203,deliver honey
204,imminent
205,kaput
206,glamorous curve
207,coordinated
208,pen
209,thankful
210,expect
211,rifle
212,airplane cold
213,even
214,truculent
215,grip sort
216,truck
217,murky
218,uppity
219,judge shiver
220,arrange engine
221,legs
222,concerned muscle
223,impossible
224,scene signal
225,guess sheep
226,mindless somber
227,lonely successful
228,beautiful
229,system
230,rings broken
231,kick
232,handsomely
233,haircut harass
234,wild farm
235,educated
236,nail
237,existence
238,full road
239,nutritious annoy
240,burn bike
241,earsplitting cream
242,kiss neck
243,hate
244,value
245,rigid racial
246,religion important
247,mindless
248,aunt flood
249,recondite
250,tightfisted
251,direful
252,rod voracious
253,crow wandering
254,bawdy
255,raspy muscle
256,pick handsome
257,horrible shivering
258,scribble rush
259,loud
260,aunt
261,wistful
262,quixotic whisper
263,loud
264,peep
265,coil
266,nonchalant influence
267,flower hour
268,button
269,tart pipe
270,descriptive
271,beneficial
272,shallow baby
273,loud store
274,lewd
275,existence
276,shivering
277,stitch play
278,smile planes
279,six
280,untidy humdrum
281,clear
282,representative night
283,suit
284,frightened rest
285,hushed
286,activity
287,winter growth
288,decisive tank
289,flaky
290,venomous
291,explode direful
292,kneel
293,romantic look
294,remember
295,wanting welcome
296,meaty color
297,purring
298,suit stocking
299,place
300,debt
301,learned
302,idea neighborly
303,numberless jump
304,abhorrent ambiguous
305,tranquil
306,naughty
307,afterthought
308,interfere nest
309,heavenly irritate
310,count muddle
311,capable
312,sip boundless
313,accurate concerned
314,yak absorbed
315,decide
316,utter
317,reply
318,spare old-fashioned
319,pet
320,matter plants
321,fast maddening
322,double
323,prick imagine
324,lackadaisical
325,detail crack
326,houses
327,didactic form
328,green
329,wrap
330,overwrought
331,mountainous drum
332,veil
333,attach attack
334,dock
335,existence
336,dysfunctional tasty
337,curly
338,wobble
339,aboard
340,jam tie
341,spray regret
342,license
343,wicked fragile
344,crack tidy
345,determined
346,eminent friendly
347,heat secretive
348,van
349,hug
350,blot
351,rude
352,stem
353,uneven
354,chess tendency
355,beneficial
356,magical cherries
357,cheer
358,tedious
359,complain spring
360,eager
361,moan pop
362,glass lunchroom
363,hanging zippy
364,measure
365,unhealthy old-fashioned
366,voice throne
367,balance
368,continue
369,close handsomely
370,stone burst
371,trains shake
372,boundless file
373,crush join
374,voracious
375,ruin bone
376,attach
377,shiver synonymous
378,swift print
379,choke juicy
380,wrestle lumpy
381,beginner
382,hanging
383,responsible
384,closed innocent
385,wriggle glove
386,common government
387,tent system
388,permissible point
389,destruction jelly
390,certain green
391,aberrant metal
392,swanky
393,explode
394,company earthy
395,abounding stain
396,elastic squeamish
397,gorgeous tip
398,print company
399,pleasure
400,halting astonishing
401,screw natural
402,distance snobbish
403,bless
404,request shiny
405,queue veil
406,wholesale
407,kiss husky
408,careless slippery
409,believe
410,trains
411,slow idiotic
412,animal bustling
413,remember
414,crazy near
415,energetic
416,wary chunky
417,melted
418,parched
419,dear abounding
420,whip wine
421,size
422,evasive part
423,eggnog
424,develop
425,apathetic
426,closed connect
427,puzzling faint
428,fowl hose
429,scatter hole
430,coach ultra
431,drum productive
432,signal evasive
433,faded
434,question kittens
435,thoughtless question
436,dusty
437,stay scale
438,doll
439,train evanescent
440,hover
441,division shave
442,bright
443,sleepy shelf
444,print stitch
445,ordinary
446,meat
447,pot
448,trite pin
449,risk fascinated
450,flagrant force
451,wiry sable
452,envious tail
453,line
454,annoying
455,unequaled
456,handsome
457,poised
458,tiger tasteful
459,cactus
460,efficient
461,doctor sponge
462,dear
463,smoke admit
464,sweater wiry
465,jewel
466,measure
467,mug
468,terrible
469,zephyr
470,bath bit
471,noisy entertaining
472,stormy ship
473,wrench therapeutic
474,pipe radiate
475,fantastic wash
476,dime
477,settle soothe
478,squash comfortable
479,wriggle succeed
480,accurate honey
481,man
482,distance shoe
483,abject mist
484,mailbox chop
485,delicious zipper
486,statuesque
487,lackadaisical laborer
488,steady orange
489,tree
490,charming
491,imported upbeat
492,lip
493,alcoholic
494,egg
495,confused collar
496,dispensable
497,polish
498,wreck brainy
499,mass sip
500,mice
501,cooperative snatch
502,channel
503,sulky
504,polish
505,prevent adaptable
506,foamy sock
507,stir
508,animal
509,uptight
510,horn
511,wail
512,jumpy pies
513,death
514,way vague
515,tasteful
516,sun lunchroom
517,trail paddle
518,explode test
519,knot spy
520,cry
521,ice
522,warm rough
523,swift last
524,quaint
525,guitar
526,obeisant
527,eager
528,oatmeal
529,animal replace
530,girls
531,functional
532,late agreeable
533,current level
534,toys
535,knock
536,governor descriptive
537,calendar hug
538,sugar
539,numberless
540,precious
541,lake
542,mourn shelter
543,back store
544,sound
545,irritate chicken
546,silver sidewalk
547,nutty scared
548,appliance
549,pull
550,violent petite
551,meddle feigned
552,perpetual compare
553,faithful
554,available
555,society physical
556,obsequious hard
557,ignorant pathetic
558,flood zip
559,last
560,end
561,learned
562,income nimble
563,sophisticated liquid
564,sense
565,obsequious salty
566,abnormal
567,stingy clever
568,tax
569,capricious cows
570,simple plants
571,dress consist
572,aberrant
573,messy
574,satisfy
575,drip
576,attractive
577,elated
578,present
579,unnatural
580,low substantial
581,meal
582,stream
583,warm
584,milk sun
585,nauseating open
586,wanting
587,sidewalk
588,pretty
589,fork
590,rude jewel
591,boat
592,correct robin
593,sneeze
594,smoggy
595,four
596,quaint sneeze
597,hall
598,yoke
599,man stage
600,questionable land
601,piquant
602,receipt needy
603,nail
604,slave throne
605,return gaze
606,piquant
607,temper plantation
608,dapper whistle
609,glove
610,heartbreaking consider
611,precede
612,ladybug thundering
613,ashamed
614,protective hospitable
615,grotesque poised
616,anger
617,spare rambunctious
618,trucks
619,substantial
620,maniacal
621,tomatoes
622,tightfisted
623,open hope
624,turkey
625,pointless shaky
626,early subdued
627,irritating whistle
628,untidy
629,boast
630,invention successful
631,mom likeable
632,lie greet
633,staking needless
634,rainstorm
635,elated
636,quartz able
637,sack
638,special
639,secretive
640,table automatic
641,remarkable
642,join divergent
643,obey rush
644,tent pocket
645,wild bedroom
646,release peep
647,bruise imported
648,snail
649,silent instinctive
650,rejoice protest
651,hose
652,apparel show
653,kick
654,distinct
655,harass
656,craven airport
657,check
658,loud
659,average reply
660,tightfisted
661,rare hallowed
662,truculent ruddy
663,plot
664,tested fearless
665,endurable
666,blue-eyed
667,regret lumpy
668,ship appliance
669,cent queue
670,thundering
671,loud
672,frail
673,big spiders
674,stiff icky
675,simplistic joyous
676,mark enter
677,sense well-to-do
678,attractive force
679,cart
680,fasten rice
681,scent table
682,house occur
683,funny maid
684,used cake
685,snow
686,hammer
687,battle organic
688,oven
689,pause stranger
690,suit
691,hop share
692,young
693,disastrous
694,fine quick
695,contain well-off
696,confess
697,plant stitch
698,fog
699,growth wry
700,uneven
701,green
702,muddled attend
703,playground spurious
704,tendency
705,supply drown
706,neighborly
707,person
708,stream
709,kaput
710,petite
711,invite
712,dusty
713,change compete
714,yoke
715,animal needless
716,blushing science
717,stupid
718,trace extra-large
719,fire
720,number prepare
721,stretch same
722,lip drag
723,machine
724,direful cruel
725,attraction
726,story
727,amuse
728,fall open
729,pickle military
730,harsh arrange
731,snail terrific
732,puzzled
733,kick
734,library tough
735,minute shaggy
736,steadfast
737,brass
738,sneeze
739,pathetic
740,foregoing elderly
741,shoe face
742,bird trick
743,tight
744,tedious wave
745,phone
746,order
747,loss carve
748,pies
749,innocent
750,spot
751,stimulating yak
752,materialistic
753,low
754,delirious normal
755,poised
756,finicky
757,pocket
758,fear
759,train riddle
760,broken
761,statuesque
762,unkempt
763,onerous screw
764,twist
765,well-made hollow
766,blind
767,silent stew
768,thank
769,needy
770,filthy sassy
771,fine
772,faithful
773,abstracted
774,psychedelic zephyr
775,glistening public
776,quack private
777,poor cross
778,pocket destruction
779,hellish shrug
780,bomb repair
781,move wrong
782,support
783,supply replace
784,label
785,scrawny graceful
786,responsible happy
787,water
788,itchy sweater
789,wiry
790,sulky
791,save
792,cloth spy
793,stroke
794,tempt
795,afternoon judge
796,stormy interest
797,marvelous
798,sound step
799,match lamentable
800,wrathful
801,calculator
802,rock
803,cherry grade
804,cute
805,untidy
806,makeshift
807,burst
808,rat
809,bore
810,vagabond dry
811,educated
812,frequent
813,agreement
814,hulking
815,young grab
816,ablaze nostalgic
817,love
818,thing
819,clammy
820,flagrant burly
821,warm quilt
822,refuse
823,yell materialistic
824,alarm nose
825,blow separate
826,hang head
827,digestion
828,arch
829,shivering
830,boundary punish
831,permissible
832,concern
833,different
834,grab anger
835,incredible
836,jar
837,stamp lamentable
838,airport place
839,fruit
840,collect search
841,point mint
842,cute
843,unkempt overjoyed
844,two cattle
845,amuck
846,pickle car
847,rhetorical
848,gather
849,attack knife
850,skillful cruel
851,envious
852,curve
853,blink
854,lunchroom helpless
855,toothsome assorted
856,place well-to-do
857,offer surround
858,mountainous lip
859,men sock
860,dull
861,rule delightful
862,beef
863,brother try
864,change fax
865,upbeat used
866,locket
867,point
868,savory airport
869,yam
870,jumpy sail
871,zonked stretch
872,combative
873,water rock
874,pinch
875,important woozy
876,safe majestic
877,ship political
878,foolish smoke
879,superb
880,witty
881,foamy
882,nauseating loutish
883,grumpy
884,hands squalid
885,crush
886,point
887,uninterested shame
888,air feigned
889,crown
890,mellow
891,scissors cloistered
892,blade
893,strengthen retire
894,infamous milky
895,fearless division
896,nasty loose
897,nest smile
898,shaky launch
899,airport
900,hissing
901,camera
902,unbiased fumbling
903,sour
904,half reduce
905,stormy
906,rely
907,wool
908,dear curve
909,voiceless
910,disagreeable transport
911,hill
912,tick
913,wicked play
914,wish kick
915,mark historical
916,thinkable tidy
917,null
918,absent
919,account
920,subsequent
921,zip
922,ragged position
923,wise start
924,probable tight
925,clever
926,plantation
927,lovely rain
928,spooky brawny
929,busy
930,splendid
931,quiver
932,fade receive
933,finger
934,cut
935,offbeat
936,flowery grandiose
937,heal battle
938,old-fashioned
939,interesting word
940,weight zip
941,dark drag
942,reject tense
943,peace marble
944,yarn
945,week
946,occur fascinated
947,three race
948,authority
949,calculator
950,fearful
951,system
952,lunch basket
953,rush
954,trains
955,hang
956,spell
957,jolly puzzled
958,scold son
959,zany worried
960,tail materialistic
961,utter stale
962,abrupt
963,hammer tacky
964,level
965,yummy
966,passenger
967,valuable
968,tree
969,hurt tray
970,juvenile substance
971,motion addicted
972,window crawl
973,popcorn loud
974,sloppy
975,ragged obese
976,ear
977,telephone
978,frequent
979,sparkling belief
980,bitter imminent
981,position
982,listen
983,sound
984,toothpaste birth
985,lying
986,berserk
987,order
988,penitent
989,wash periodic
990,found
991,truck
992,sheet
993,scare loaf
994,odd
995,defiant bubble
996,overrated metal
997,splendid form
998,airport empty
999,squeal